{"cameraMode":{"drawMode":0,"name":"Shaded","section":"Shading Mode"},"sceneLighting":true,"audioPlay":false,"sceneViewState":{"showFog":true,"showMaterialUpdate":false,"showSkybox":true,"showFlares":true,"showImageEffects":true,"showParticleSystems":true},"in2DMode":false,"pivot":{"x":3.5382111072540285,"y":-4.707566261291504,"z":1.5728113651275635},"rotation":{"x":-0.5261524319648743,"y":0.010201103053987027,"z":-0.006312787067145109,"w":-0.8503156900405884},"size":4.977817535400391,"orthographic":false}